id,name,email
12411824,Hilary Gulgowski PhD,ilana.mayert@kuhn-green.org
556939903,Yuriko Blanda,walter@hoppe.biz
247077016,Reid Barton CPA,dione.stroman@mcdermott.net
631033062,Dovie Smitham,jimmy@ankunding.name
379950969,Millard Swaniawski,orlando@schamberger.io
853611880,Harlan Haag,phil.heidenreich@denesik.name
40523509,Josef Jerde Esq.,devin_schmidt@dach.org
889294201,Esteban Quigley DDS,augustina@russel-zieme.biz
133361312,Prof. Jake Block,emilio@hauck.info
23596339,Kelly Rowe,tracey@bashirian.org
688803658,Alejandro Stokes,brande@predovic-wisozk.com
780673376,Amado Prohaska,damon_stark@powlowski.info
561950880,Lawerence Bode,morris.anderson@johns.io
54866492,Craig Bernhard,idella.schiller@rodriguez-dickinson.name
54428563,Gov. Alexis Schmidt,bruno_barrows@schulist.org
180386470,Samual Huel I,omer.rosenbaum@moen.net
988467358,Jeromy Parisian,cedrick@bode.biz
301860164,Sen. Lloyd Aufderhar,dwayne@grant.co
175599978,Jude Hahn JD,bryon@wiegand-windler.co
314651005,Avery McKenzie MD,efrain@jast-koepp.info
236332934,Chi Schmidt,evan_pfeffer@lind.name
587378635,Pres. Pricilla Kohler,samual_altenwerth@kris.biz
428718899,Milan Deckow,nicolas@gislason-koepp.name
499562282,Pei Conn,blanch.herman@steuber.net
639823470,Mrs. Aurelio Gulgowski,dee_green@hand.org
49482493,Bobbie Lindgren DVM,weldon@casper-kuhn.info
88630407,Mohammed Hermiston,tami_ullrich@block-kautzer.org
871288871,Carl Wisoky,yasuko_heathcote@emmerich.com
976537792,Micheal Kihn,amado_okuneva@hand.org
670616553,Jamar Heller,cyrstal@rau.com
169772770,Jerome McCullough,cornell.fritsch@marvin.biz
672835812,Gonzalo Quitzon,josef@stamm.biz
416244956,Judi Schmitt,reginald@bernier.org
761599160,Sen. Elliott Bergnaum,gabriel@conroy-oberbrunner.info
811058485,Afton Gulgowski,luana_franecki@hoeger.name
183946557,Thad Mann,malcom@oconner.net
443755998,Sharleen Hegmann,salvatore_predovic@cole.io
525575765,Marlin Pollich,kathlene@bernhard.io
688784742,Rayford Stoltenberg V,roselia.douglas@hauck-cormier.io
118500888,Pres. Irving Borer,leonard@yost.name
846382043,Prof. Guy Daugherty,shawanda@nolan.io
797245208,Benjamin Leffler,tierra@prohaska.name
151550055,Darlene Hintz CPA,alfredia@stehr.biz
564149680,Elliot Cole DDS,lawerence@spinka.com
537489386,Danielle Cormier,maria@stanton.net
426228482,Gene Smith,ethan@glover-swift.biz
48857801,Queenie Ferry Jr.,morgan@greenfelder.biz
534316123,Dr. Ulrike Corkery,erich@kris.net
58215370,Derick Trantow,elwood_schinner@farrell.com
911673608,Morgan Becker,colby@west.biz
611105601,Romaine Hilpert,tim@fritsch.name
662038307,Miguelina Von,sanford@kilback-nader.org
592664370,Zackary Gulgowski,anastasia@mante-will.com
729807300,Fidelia Lakin,lamar.cole@morar-williamson.io
227539092,Ms. Barney Nicolas,randell_gutmann@hamill.info
545264651,Elsie Wyman Sr.,frederick@wehner.co
25137956,Dr. Jackqueline Ullrich,kandra@heidenreich.net
553173876,Fermin Upton CPA,richie@swaniawski-klocko.net
22296526,Nikita VonRueden,delsie@quigley-lockman.info
152528746,Cleo Harvey,galen@hegmann.co
880542667,Ms. Karl Wiegand,theo@haag.info
689593378,Renato Howe,gabriela.treutel@satterfield-wiegand.com
378216209,Kathline Shanahan Jr.,mica_collier@towne-stoltenberg.net
645336117,Rocky Champlin,courtney_heller@sanford.io
455612054,Jenette Lowe,karlene@connelly-cassin.net
329707332,Ricardo Reinger,jon.braun@zboncak.info
126021673,Jacinta Heller,wiley.mante@goldner.info
935192049,Milton Gusikowski,nolan@fay.org
248984441,Lillie Goodwin MD,vernell@lakin.io
652248297,Keenan Rempel,collen.trantow@labadie.info
811508174,Nanette Koss,chandra_jerde@hodkiewicz.net
955838735,Prof. Willian Collins,carlita.hoppe@christiansen.co
831249162,Lonnie Maggio,derick_yundt@gerhold.info
101116518,Kerry Kub,lynetta@pouros.io
138152998,Zachariah DuBuque,theodore_lebsack@watsica.io
383615946,Amb. Allena Heller,lezlie.mayert@weimann-kerluke.name
175712571,Trinidad Padberg I,chae@stamm-monahan.io
561852630,Guadalupe Daugherty,twyla.larkin@walter.info
60362233,Belle Turner II,flo@howell-koch.com
199695997,Ernesto Gibson,asa@sipes-walker.org
84474642,Gina Sawayn Sr.,devon_pfannerstill@corkery-schaefer.name
721991656,Tomas Rolfson,leopoldo_schmeler@kris-dibbert.info
504862115,Sylvia O'Keefe,delcie_macgyver@murray.com
763282286,Jewel Haley,elise.wuckert@hilll-pfeffer.name
732414459,Lisha Hudson,israel@breitenberg-oreilly.info
256973377,Miss Madelene Lind,dorla.denesik@jenkins-sporer.biz
749116039,Robby Frami,vince@baumbach-becker.io
859233277,Kelley Sipes,annice.prohaska@blanda-russel.biz
620142751,Miss Cheyenne Legros,waldo@wehner-grimes.net
334295272,Rev. Jonnie Von,colton.gutmann@kautzer.net
626763509,Pa Bayer,sheri@nikolaus.io
379726029,Fleta Haley,lucio@williamson.name
644546854,Mayra Adams MD,deangelo_beier@kilback.biz
8385521,Rev. Stella Senger,alina@schuppe.biz
635585178,Erminia Douglas,sam.spinka@bergstrom.name
970239218,Gov. Qiana Kshlerin,alethia@quigley.net
201232149,Jerome DuBuque Jr.,corey@gusikowski.com
659957807,Robbie O'Kon,garrett.howell@waelchi.name
62420793,Dewitt Feil,elwood@waelchi-ledner.info
951569163,Mrs. Ute Kunde,florencio@vandervort.name
386293537,Donnette Block,stan_padberg@will.com
920769570,Stacey Gutmann,aide@rau.io
554377704,Dante Beahan,theo.spinka@marquardt-hammes.com
980047267,Pres. Troy Metz,nohemi@balistreri.biz
531184125,Anette Kuhlman,michal_schmeler@jast.com
393287728,Hal Schamberger,carry@schinner.com
180209612,Lianne Kerluke,jamal@collier.co
144414609,Delta Orn,rozella@lockman.co
518040602,Nancie Collier,bernardine_herzog@anderson.co
236016174,Salvador Schmidt,alyson@gerhold.co
620700499,Florencio Feil,walker_rolfson@casper-hermann.info
834742401,Miss Isabelle Funk,jada_friesen@cartwright.info
763682452,Laverna Gibson LLD,joshua@roob.info
255930056,Maude Graham,tony_zboncak@connelly.name
183145378,Miss Terrilyn Marks,wesley.cartwright@okeefe.net
107220012,Prof. Joseph Haley,edison@ledner.org
402371640,Hyman Willms,newton.collins@blanda-swaniawski.org
916975045,Thanh Willms,domenic_bergstrom@upton-roob.com
322879116,Monte Considine,herbert_wiza@okon.co
937664905,Eloisa Altenwerth Esq.,carrol.hermann@raynor.co
168622741,Edyth Powlowski,dewey_prohaska@kuphal.net
148109202,Tereasa Schumm,renaldo_glover@weissnat-berge.io
804600728,Jordan Hessel PhD,daine@steuber.info
726456708,Rodolfo Jacobs,lisha_deckow@gutkowski.co
984996966,Maryellen Witting,tosha@heidenreich.name
944657414,Roxie Conroy,jacki@rolfson-hand.com
862314066,Fernande Doyle,laticia_macejkovic@dickens.net
803784750,Tanya Bednar,marian.sipes@trantow.io
758329587,Bruna Kilback,carolyn.towne@ferry-hayes.io
616603948,Dinah Morar,cathern@champlin.org
304157641,Jean Abshire,charley_yundt@daniel-cummerata.io
97478296,The Hon. Vernon Becker,deandre@torp.io
135391109,Prof. William Mayert,paulene@murray-kuhlman.net
379337153,Rev. Merle Wiegand,rachel_dickinson@wolff.net
217259725,Owen Cole DO,berry_shields@rempel-hartmann.co
68630858,Novella Dicki,max@schinner.co
641978999,Duane O'Conner,tegan@durgan-cummerata.net
948712905,August Altenwerth,elmo_wolff@corwin.io
310296884,Lindsey Batz,alphonso.weber@steuber-koelpin.io
467283095,Rep. Song Pollich,britt@kessler-gerhold.io
205866271,Tony Leannon,lyle.streich@mcglynn-von.info
621748308,Carson VonRueden,brandon@hodkiewicz.com
220596437,Mr. Arlie Hills,jaime@pagac.info
739124323,Sonny Schultz,lolita_schuppe@lesch.net
401197799,Tori Zulauf Ret.,dung.raynor@erdman-sauer.com
907378488,Soila Shields III,hyo.lubowitz@nader-bernhard.com
586851609,Ashlyn Kohler DC,simonne_grady@lockman-daugherty.com
957963142,Felton Gulgowski,gregoria.gutmann@wilderman.io
367181465,Ara Bednar,yoko@robel-collins.org
114820297,Earl Goodwin,meri@blick.name
391382023,Christal Bartell,asa.hauck@satterfield.biz
500987470,Sen. Len Conroy,samantha.ullrich@bernhard-dicki.info
402963907,Enda Hirthe JD,joan.dooley@gerlach.com
216171160,Ta Kautzer,lucien.rohan@dach.net
370117140,Rev. Ila Breitenberg,spencer.schuster@marvin.io
936589372,Georgianna Block,lenny_lueilwitz@wolf.io
378743434,Korey Bogan,hershel@berge.com
578028950,Leesa Crist,alana.denesik@johnston.info
478695209,Cecelia Runolfsson V,fernande@gleason.co
707523554,Tona Simonis,amos@corkery.co
370247590,Kelly Kiehn,daryl_west@kerluke.co
173917037,Rep. Madaline Halvorson,rosette@gislason.net
726169643,Gail Mitchell Jr.,nick@hirthe.org
112077635,Fr. Obdulia Abshire,zoila.wolff@gislason.name
856163261,Collin Howe,ethel_okon@dach.net
446115590,Claud Pacocha,velva@fay.com
15083030,Prof. Shayne Bahringer,tama.kshlerin@damore.io
629590615,Moriah White,jenna_hansen@konopelski-cartwright.com
692895371,Eilene Williamson,asa@gottlieb.info
300797,Francesca Lowe DDS,ferne_gerhold@reichert.net
380128913,Janna Raynor DC,dillon.douglas@walter.biz
608425977,Gale Heathcote III,doloris@krajcik.co
440257091,Emilio Casper,vicky.hilpert@hartmann.net
338542103,Shayne Brakus,reuben@kuvalis-weber.io
261088663,Marlyn Langworth,chang@runolfsson-labadie.org
222773131,Devin Streich,benedict.rutherford@haag.co
542507348,Sen. Demetrius Kling,daniell.powlowski@kuphal.io
144844700,Suzette Kris,renato@jacobi-jones.org
615571015,Larry Cassin IV,ilana.gulgowski@corwin.name
998833556,Shandi Nikolaus,tammie@fahey.net
707116262,Modesto Grant,joanne@hoeger.com
129504070,Rubin Klocko,sigrid_runte@wilderman.info
225481019,Tora Russel,todd.schaefer@bayer.co
240661058,Young Halvorson Jr.,jospeh.hackett@zboncak.info
970125660,Patrice Weissnat III,cheyenne@collier.co
762506420,Rubin Welch DC,truman.schultz@cruickshank.com
848051512,Johnette Cole Jr.,garland.ernser@beier-crist.io
468279975,Ms. Claudio Wolff,leonarda@botsford.info
289998192,Dillon Kunde,jeffery_goldner@simonis.org
47127082,Kip Monahan,rhett@torp.org
603631564,Johnette Bahringer,donita.spencer@effertz-kutch.name
322963807,Ms. Cory Swift,alejandrina.bartell@fay.org
25099568,Bettina Frami,edwin_reilly@cummerata.io
99885837,Nicky Hessel,elliot_dickens@fahey-sanford.info
828487069,Brandie Beahan DVM,alexa.cruickshank@mclaughlin-leffler.info
404323211,Jack Harris,tyrone_hayes@ankunding.info
242079923,Mrs. Shari Mosciski,gavin@pouros.org
472124880,Msgr. Blanche Cremin,amira@bins.co
679717801,Riley Kemmer,pasty_reinger@runolfsson-king.org
991610984,Pres. Emelia Collins,bryant@gutkowski-mann.info
683777165,Nick Hessel,dwayne@flatley.net
841282761,Pamela Borer,mason.grady@gorczany.co
899494713,Daryl Wolf,ana@kub.net
654253936,Tarsha Pouros DO,mica_ledner@wunsch-schamberger.com
977635382,Branda Gusikowski V,demetrius@johns-kilback.org
413329365,Cherryl Moen,tangela@walsh.net
483017193,Carmine Rau,karly_marquardt@weimann.co
618210623,Tona Von,maud@howe.io
893897452,Nikia Farrell,estell@zemlak.net
215832121,Prof. Odette Bernier,noble.fisher@hermiston.net
510071687,Pres. Reynaldo Roberts,theresia@adams-skiles.name
25914553,Joe Herzog,moshe.jones@nitzsche-rowe.co
101893793,Rev. Lewis Shanahan,arnoldo_rowe@schimmel.com
275334067,Marine O'Keefe,gale_west@harris.net
377480735,Katrice Cummings DVM,ryan@schroeder.name
978799277,Dannie Marquardt,elbert_kohler@rodriguez-schuppe.biz
525861192,Colton Ruecker,marianna@collins.org
555523048,Serafina Mraz,darrel.lubowitz@von.name
467742945,Mr. Kimbra Runolfsdottir,shaun.schaefer@simonis.info
385046912,Georgie Dibbert,kathern@mayert.com
819860697,Modesto Cronin,erasmo.langosh@stamm.org
696874744,Melissa Harris Jr.,marie@corwin-dibbert.org
645757974,Margert Metz,kristine@beahan.biz
818440054,Omer Stanton VM,oren_waters@hintz.org
519723422,Antwan Rau,lashonda_oberbrunner@erdman-flatley.info
231659695,Sen. Henrietta Predovic,pearle_wyman@feest-heaney.biz
911162117,Catrice Hoppe II,odette.cummings@schinner.info
239568254,Chanel Heller,concha@larkin.biz
859538803,Stacy Jenkins,dean@boehm-crona.org
518803269,Brady Langworth,dallas.jerde@langworth-kreiger.biz
982557728,Thomas Jacobs IV,rae@walker.co
241658634,Rev. Latoria Schroeder,taunya.wehner@osinski.org
791000039,Mohammed Harber,floria.schroeder@dickens-schmeler.io
212471264,Nancie Kuphal LLD,mario.medhurst@trantow.info
86512012,Armand Wisozk,lili@stokes.info
463385699,Benito Armstrong,gil@kunze.name
6452834,Shamika Rowe,valentine.towne@lubowitz.org
934061971,Ernest Parisian,roland_herman@nitzsche-mcdermott.info
270950376,Hsiu Armstrong,lela.nitzsche@stiedemann.io
274717301,Jamar Keebler Sr.,brian.predovic@dickinson.org
950661405,Deetta Fay,regine@monahan-dickinson.org
57991585,Lorene Shields,noelle_pacocha@strosin.info
192926378,Neomi Schaden,esther@turcotte.io
634460162,Jo Boyer Ret.,greg.padberg@nader.io
51611335,Shayla Mertz DDS,deshawn_reichert@raynor.com
201397491,Mr. Suellen Schinner,merlin_roberts@padberg.io
338281009,Amb. Curtis Kulas,erin_hermann@johnson-von.io
705910258,Lonnie Ondricka,ulysses@kilback.info
562467126,Camille Spinka,izetta@bruen.co
637610742,Tiny Metz,kory@pouros.info
381403957,Charlott Pouros,magen@macgyver.net
582032524,Kathryne Hilpert,herman@swaniawski-kiehn.biz
625247249,Linwood Leannon,ty_gusikowski@tromp.name
566041280,Sondra Dibbert,naida@prohaska.com
669995190,Ms. Halina Abbott,brice_doyle@gerlach.com
928520507,Lavelle Parisian,emile@wilderman.info
968918583,Lakisha Murray Ret.,leoma.veum@treutel.com
864471055,Natividad Hammes,gary_pouros@wehner-schamberger.net
690041890,Ernest Witting MD,wilbur_mayert@rutherford.com
363130495,Daron Blick,ernest_damore@leannon-stamm.io
158019019,Harry Skiles,dewayne@lehner.co
6662553,Mr. Doris Friesen,toi@hessel.com
736792033,Toney Abbott,jennefer_hoppe@hirthe.info
890767984,Rep. Nada Nader,anderson@murazik.com
315677176,Palmira Effertz,laverne@howe.com
82031675,Elton Anderson I,raymundo@kilback-wiegand.com
287392176,Ernest Collier,ron@macejkovic-gusikowski.net
33067807,Jerold Hirthe,jed@beatty.com
853518821,Mohammad Fisher,doreen@maggio.net
170401553,Fr. Gladis Collier,dion.lowe@tromp-jaskolski.name
639043303,Fredricka Quitzon,kent@bergnaum.com
372810351,Leonor Padberg,valentin@ruecker.co
309588315,Cherri Dooley I,lynn_vonrueden@miller.co
304505481,Cristie Sawayn CPA,irwin.carter@mueller.biz
871560816,Kristian Mueller,summer_ryan@keebler.name
17009430,Emil Block,joelle@spinka-kuvalis.info
723478599,Donnetta Kuvalis Sr.,lesley_mccullough@wolff.io
758857881,Kyle Corkery,jerrell@hauck.io
593243613,The Hon. Cornelius Gislason,ida@haag.name
168377075,Brock Klocko,hassie@hyatt-ankunding.org
580490648,Dessie Jacobi,karisa@klein.biz
375026865,Pres. Lara Cruickshank,granville@heller-christiansen.io
464697087,Yaeko Feest II,nada_thompson@bergstrom-senger.org
136908783,Anabel Wiegand,frederic_boyer@shanahan.co
599701473,Newton Block,julee_mccullough@kautzer-schmidt.co
451391125,Barbra Price,jeramy@toy.name
391762621,Yolande Welch,cari@herzog.io
463339546,Thi Klein,stefan@luettgen.com
55040876,Ernie Lebsack,armando@dibbert.com
651195088,Jules Johnston,luke@macgyver.biz
580304191,Tamatha Kuhn II,francesca.gutmann@bruen.co
602385265,Eldridge MacGyver,joane@heidenreich.co
150294787,Misha Brown Esq.,alice@pollich-fadel.net
251830552,Ruthie Toy,erick@price.name
432589606,Abel Rice DDS,ray@fadel.org
376654106,Ralph Littel Jr.,theresa@bergnaum.name
703953423,Sen. Frankie Barton,samuel.renner@streich.com
852434279,Verena Gulgowski Ret.,kimi@gutkowski.io
400645564,The Hon. Rosetta Price,myron.shields@hahn-hettinger.io
150894208,Amb. Shawn Hermiston,joan_wiza@yundt-herman.name
930247982,Kaleigh Lynch,jeannie@skiles.info
639401859,Chase Sporer,xiao_daniel@emmerich-stiedemann.co
393753552,Shena Kohler,karl_nicolas@wunsch.info
127130010,Mark Powlowski,ahmad@quitzon.biz
554848087,Wendi Kuhlman,sena_okuneva@lowe-thiel.co
764174927,Fonda Fahey,leonel@feeney.biz
186716519,Warner Deckow,hector_gorczany@wintheiser.co
391453148,Jamie Effertz,katelyn_jacobs@murphy-hegmann.com
744466137,Rayford Reichel,raymond.goldner@effertz.io
598907781,Krystle Hintz,towanda@langworth.name
935202446,Rep. Emerald Schumm,jacklyn@hegmann.com
427085549,Evia Mraz,bernarda_vandervort@okon-maggio.com
598183104,The Hon. Sabine Schulist,inell_oconner@beahan.com
485151761,Roma McCullough,sherise@bergnaum.io
464760716,Jesica Nolan,reid@blick-stark.net
607418005,Odell Schuppe Esq.,miquel.bernhard@dickens-fay.org
468780172,Robby Rippin,alise.jakubowski@marks.com
285520816,Nick Spinka,denny.kautzer@wilkinson-klocko.com
859475900,Nikita Jacobson,alexia_pfannerstill@ratke.co
808032667,Serina Abshire,louanne_walter@upton-koch.name
726646412,Fredric Tillman,leonora.kihn@mann-wolf.com
897660975,Msgr. Zada Gulgowski,milagros.beahan@ward.org
339076325,Pres. Hollis Hegmann,carmelo_gutmann@bednar.name
703739478,Vita Okuneva,leo_zulauf@upton.io
508234722,Jamar Gleason JD,hank.dickinson@ryan.net
92029859,Carli Willms,harry@wisozk-romaguera.com
481858177,Darell Leffler,christopher@christiansen.biz
761055094,Lauren Hackett,kyra@bergstrom-walter.net
547067757,Michal Von,ernesto_littel@rogahn-gislason.com
136414100,Patrice Cummerata,jacki.terry@padberg-spencer.io
147547656,Reed Schmitt,stefania@fritsch-rowe.co
946255837,Danelle Stoltenberg,humberto@schuster.org
171413076,Freddie Beer LLD,jonah@kub.biz
428255785,Ms. Angelique Kulas,maragaret.gibson@roberts.com
52469405,Miss Renda VonRueden,cathern@abernathy.biz
937988278,Ms. Fae Weimann,quinn@stark.info
486970596,Lon Johnston,darius@hyatt-schmeler.biz
753734346,Murray VonRueden,donovan_runolfsson@mills.net
974284712,Glen King JD,richard@hermann.org
919308183,Anton Gibson,irvin.kilback@howell-kautzer.io
163239271,Angel Hoeger,blossom.hagenes@lubowitz.net
166256080,Torrie Kuhlman,johanne@hauck.com
121687850,Wade Halvorson,tess_leffler@pollich-walker.org
121780869,Cedric Lang VM,marco_thiel@lehner.name
342330476,Sandie Gulgowski,abe@mann.name
569493398,Drew Ritchie,denver_prosacco@corwin-douglas.com
652944758,Prof. Isela Sporer,tyesha@kertzmann.org
346422732,Birdie Ryan,ivonne@champlin-brown.net
328196499,Loyd Medhurst,katherina@wisozk.biz
121477563,Sang Hane I,ronald_stoltenberg@wuckert.co
887248483,Pres. Hermine Dickens,noble@zulauf-auer.org
584199646,Shirlene Kuhn,vicente.bergnaum@langworth.name
715024834,Damien Pouros,fredrick@emmerich.io
100124352,Danae Barrows Jr.,elin_rice@harris-ziemann.org
471771163,Florrie Nolan,deon@jacobson-monahan.name
895644235,Jonie Franecki,keira.bartoletti@bednar.com
604557880,Graig Kozey Jr.,alejandro.hilll@harris.io
938433614,Shae Murazik,kim_cormier@watsica.net
435409738,Fr. Denis Kunze,chester_rohan@white-mclaughlin.com
114509551,Lily Schoen,carol.shanahan@legros-swift.net
460595848,Terina Fisher DDS,leeanne.moore@hills.net
974745557,Edwin Paucek,norbert@miller.info
201445541,Gricelda Jenkins II,merrill@stark-rogahn.net
506444907,Christa Klocko,randell_christiansen@davis-bashirian.co
892060249,Timmy Prosacco,antione.quitzon@mccullough-williamson.info
43236974,Msgr. Thomas Koepp,katia.rosenbaum@wisoky.co
854583,Max Waters,olinda_oconner@kuvalis.info
841146964,Santiago Lowe,aaron@purdy.net
905226439,Dede Corkery,ronni@steuber-gutmann.name
646196264,Roma Maggio,alec.runte@mclaughlin.name
664806274,Mrs. Deon Heaney,clemmie@hirthe.biz
202171386,Palmira Wuckert PhD,dee_armstrong@williamson.io
31850536,Celestine Hand JD,rosalind@metz.io
59536921,Alexander Gutmann,nancy_bogisich@schneider-ward.net
520801241,Kerry Halvorson,clarine@bartell.net
865580238,Hiram Hansen Ret.,josef@goldner.info
248422586,Tomas Harvey,leonia@barrows-bruen.io
685395541,Rev. Bethel Hamill,della@friesen.biz
293382840,Ms. Gus Brekke,bart.okeefe@mueller-steuber.net
428547555,Ms. Kent Botsford,jonnie_schuppe@larkin-oconnell.com
793691799,Mickey Lockman,chrystal@nicolas-schuster.co
964194115,Amb. Earl Davis,truman.weimann@rau.co
273173130,Gail Nolan,dong@vandervort.io
637445227,Steven Schumm,monroe@rice-turcotte.info
639096394,Msgr. Karen Anderson,joan@lubowitz.io
112269686,Alonzo Cormier,foster@stoltenberg.name
77119908,Donovan Hintz,abel@hoeger.net
858530900,Lloyd Satterfield,january_predovic@turner.org
939036559,Rocky Mann,omer_lebsack@okon.com
270242580,Henry Carter,leslie.hahn@boyer.info
857232865,Charis Berge,abe@adams-spencer.info
621544764,Glayds Leffler,divina@weimann.com
500066602,Bryon Boehm,else@lueilwitz.name
139596597,Bart Feil,orville.kiehn@fay.name
113313191,Duncan Conroy,maryjane@ritchie-block.com
649923495,Silva Nader I,candi@kirlin.biz
865532190,Rep. Earl Mayert,frederick_collier@kulas.biz
898725786,Stacy Corkery,mike_ryan@schultz.name
577741570,Zane Lueilwitz,bryan.waelchi@lesch.com
14774486,Carter Heathcote,merle.weber@vandervort-gibson.name
166820147,Lennie Brakus,tonya.kling@gulgowski.biz
924314292,Pres. Emelina Satterfield,junie_jones@jerde.co
508757534,Franklin Leffler,darin.kerluke@farrell.info
632015114,Cortney Davis,fernanda@wiegand.org
815068338,Lizeth Stracke,eileen.collins@spencer-wolff.co
491636057,Vernon Borer,daria@block.com
711980384,Louetta Leffler IV,benedict.barrows@krajcik.io
51879066,Scot Bernier,rory_sporer@ledner.org
132686248,Kenneth Lang,carrol@ratke.biz
632882456,Adrienne Kuhlman,tish@langworth.net
434685363,Hung Koelpin Esq.,cherilyn_beier@brakus.name
45309434,Sen. Toby Ruecker,cory@howe.info
828130185,Kia Ernser,rod.gulgowski@runolfsson.com
715779733,Wally Abernathy,herlinda@jerde-cole.net
468148523,Prof. Garret DuBuque,alaina@fadel-wyman.name
855856543,Dustin Abshire,gay@fahey.io
710650152,Gabriel Schneider,joel_bernier@cole-emmerich.io
33326865,Rosemary Grant DC,gustavo.tillman@prohaska-bernhard.org
177321071,Monet Treutel,brittaney_kozey@ankunding.info
235673874,Izola Kub,arlena@quigley.co
351248115,Miss Alise Bednar,sammie_murphy@mills.name
638287774,Msgr. Tera Bednar,dennise@keeling.biz
65357086,Concha Miller,edwin_hackett@kuphal-quitzon.name
180128928,Rosio Bayer,ollie_renner@cartwright.name
382173280,Sol Botsford,echo@parker.net
952281886,Jenice Cummerata,jess.dickinson@brakus-king.co
605662982,Raymond Senger,zada_kuhic@hayes.biz
241195101,Beckie Rogahn DO,belia@koelpin.co
673882559,Norbert Kuphal,lane@gusikowski.net
571294419,Amb. Felton Runolfsdottir,sol_muller@paucek.name
611430267,Alvaro Casper,melvin@simonis-oberbrunner.co
363560211,Thresa Schmeler,arron_will@abbott.com
261984341,Rich Hudson,christen_kohler@koss.org
143566712,Reena Feil,georgetta@lang.io
316826972,Serina Ritchie DDS,blake_schmeler@tillman.biz
418165177,Gov. Davina Fritsch,gladys.parker@glover-abbott.info
980060396,Emil Mayert,jefferey_waelchi@heathcote.info
92614297,Amb. Christina Yundt,salena@howe.info
827012509,Duane Kerluke,dion@altenwerth.co
500308054,Harry Beatty,hipolito@harris.name
616403995,Amb. Kyong Volkman,marquitta@sporer.co
358551261,Cathern Parisian,rosie@effertz-bosco.com
60740154,Shon Aufderhar,teresa@quigley.io
646931672,Amberly Vandervort,isabell@ward.co
886288899,Ola Botsford,porter.lesch@blanda.name
426025146,Dusty Stokes,ahmed@rau.net
581341041,Yan Smith LLD,gertie.langworth@beer.com
127159867,Enriqueta Wilkinson,dorsey.king@bradtke.biz
696058738,Ailene Schowalter,bud_ebert@cremin.info
835338761,Joey Marks,melissa.schowalter@emmerich.com
899583252,Neoma Mills,shaun@grant-wiza.com
975049044,Marcelene Farrell,lurline@aufderhar-bins.io
60512017,Dagmar Monahan,drucilla@waelchi.co
204796026,Rubye Maggio,oscar_waelchi@kautzer.com
66987993,Norberto Miller V,fermin@frami.biz
548653716,Luke VonRueden DDS,darla@ritchie.info
464089402,Ed Klein,deonna@hudson.name
844114254,The Hon. Laurence Labadie,norberto@mills.info
229113888,Marcos Nader,terrie_lesch@fahey-walter.com
805388408,Pres. Norris Blick,stacey_leannon@reichel.biz
35229603,Adaline Stracke,laverne.sanford@gerlach.name
691464374,The Hon. Tony Hodkiewicz,dagny@rippin.org
888026760,Palma O'Keefe,trina_keeling@rippin-wisozk.org
655723879,Bernita Homenick,corinne@strosin.net
272163312,Hunter Schmeler III,vernetta@bartell-rolfson.info
648739240,Maryjo Johnston,issac.mante@cruickshank.info
224129713,Arden Ortiz,raylene@prosacco.co
810513864,Amb. Victorina Zemlak,freida@swift.com
407263508,Nolan Friesen,dannie@prosacco.name
854422105,Royce Conroy Ret.,naoma@ernser.com
175120040,Mariano Kilback,cherelle_kemmer@torp.org
950794427,Terra Gleason,benton_wehner@boyle.net
171566618,Lurlene Jacobs JD,quincy@kuphal.co
598442991,Taunya Sauer,chanelle@grant-hammes.info
486650479,Kaley Turner,truman@rutherford-berge.name
453925507,Dennis Kreiger,queenie_jacobs@langworth.info
718439489,Blanch Toy,tammara@macejkovic.com
159751720,Darrin Lockman,beverly_pagac@bradtke.net
541336483,Ms. Jerrell Pouros,ronni.ruecker@jast-goyette.org
25064241,Cruz Bechtelar,kimberly@kulas-murphy.name
61043133,Vernell Kassulke,marianela_cruickshank@hauck-bartell.info
469513550,Forest Gislason,agustin.metz@hoppe-reinger.net
341902003,Raymundo Graham,jamel_turner@batz-kuphal.io
95593393,Stacie Runolfsdottir,paulette.harris@ward-beahan.org
765814608,Bertha Deckow,noma@roberts-hintz.com
904469265,Kiana Gibson,lynnette@crist.biz
949053263,Sen. Markita Rippin,william@spinka.name
901898295,Clementine Powlowski,pamela_larson@bayer.info
973970830,Dwight Ruecker,salvatore_schowalter@emmerich-funk.com
56477489,Titus Funk,jc.rempel@braun.info
81693792,Lindsay O'Reilly,oscar_west@wiegand-hauck.name
707310434,Buster Turner,agripina_yundt@bednar.com
576355611,Shayla McCullough,clay_rutherford@carter.org
802711836,Taylor Bogisich,elba.white@walker-doyle.io
469105868,Arianne Schimmel,larissa.emard@schimmel.biz
400280638,Annamarie Koepp,jodi.parker@denesik.org
34737344,Bennett Kohler Jr.,winfred@lang-littel.biz
660083288,Sam Keebler,nella@runte.org
26671927,Elvis Padberg,arlinda@jerde.co
895680254,Preston Ledner,carmelo.rutherford@armstrong.info
525106020,Isaura Abbott PhD,stacey.rohan@reynolds-skiles.io
754499812,Benedict Mayert,danilo@okon.biz
200905222,Prof. Forrest Carter,genia_larkin@ohara-dubuque.net
609956961,Dr. Delmar Zulauf,brook.stokes@gutmann.biz
74129423,Lyle Kling,micheal.boehm@mcdermott.io
453867202,Cole Schulist,marion@denesik.net
103470726,Mrs. Dionna Cummings,lia@mitchell-heathcote.io
662083863,Doug Schmidt,ute@monahan-west.org
396890331,Norbert Conn,song@boehm.name
462740187,Chas Fisher,melani.reilly@carter.io
289648,Marlin Harvey,clayton.mayer@towne-wuckert.biz
291772309,Cruz Sipes,trey.hilpert@erdman-watsica.co
523642404,Lynn Armstrong VM,dorinda_windler@sauer.org
921761206,Sen. Nathaniel Stanton,huey@robel.net
285945599,Jamee Orn LLD,berry_moore@crist-schoen.net
300148685,Laci Nader VM,patrick@ziemann.info
717855213,Jocelyn Dickinson I,faviola.ruecker@hayes-altenwerth.org
528531619,Mrs. Eddy Gutmann,roy@upton.co
868861437,Cherlyn Dibbert DC,latina_koch@heller-nicolas.co
505781673,Amb. Rae Kiehn,marcel@greenfelder-zemlak.io
224831549,Dr. Dortha Langosh,jacelyn@grady.co
827662,Daysi Thompson,dustin@sipes-nienow.co
675062702,The Hon. Dalila Keeling,britta@macgyver.net
892922450,Sulema Marks,maximo@hackett.co
325681199,Jamie Ward DO,kevin@christiansen-pfannerstill.name
189478187,Derek Labadie,voncile_veum@smith.info
92501639,Gov. Marjorie Rolfson,creola@witting-abshire.co
343213067,Agueda Kilback Ret.,vernia@mueller.biz
938577237,Harland Carter,keneth.mccullough@kozey.net
291213733,Scott Murphy,ethan.osinski@barrows-beatty.co
752026305,Roger Schmitt,dan.schultz@hermann.com
498863998,Franklyn Labadie IV,evonne@steuber-gislason.name
98077690,Loren Upton,loren@oconner-pouros.com
657690823,Horace Hilpert,corrina.toy@herzog.co
924770331,Jerilyn Kilback,mathilde.lakin@stark-huel.biz
169755376,Andrew Weimann,aubrey@volkman.org
600554995,Chery Lockman III,earlie@gutkowski.org
515107108,Jesse Bechtelar,jerrell@fisher.co
245543648,Basil Goldner,delmer.lebsack@swift-cole.name
468454169,Otto Stanton,lorene@greenholt-jacobson.io
57213392,Ada Hoppe,bryce.rodriguez@pfannerstill.name
866550733,Fatima Kshlerin,morgan@homenick.name
122869501,Giuseppe Fahey,barney_oconner@cummings.name
52633921,Raphael Schuppe,eugene@smith.info
99242040,Dr. Chris West,ailene.moore@weimann-bailey.com
682732798,Cathey Emard,carmina@cole.info
689835875,Rev. Collette Schneider,marlon@lesch.io
253868683,Elanor Pfeffer,hassie@hyatt.com
490714642,Christian Terry,ashley.reichel@ratke.com
920806910,Leeanna Kuhlman,dale.klein@dare.biz
714345318,Booker Emard,elliot@stehr.biz
608720209,Rev. Gerri Botsford,loni_keebler@goyette-schowalter.net
229055801,Jeremy Denesik,mertie_waelchi@block.name
149516654,Wilford Ferry,melita.schulist@keeling.com
550850584,Fernande Hartmann,jerry@hermiston.co
49585975,Elvis Mills,myrl@will.net
800912453,Eleanora Treutel,jacques_harvey@beier-wisoky.org
411754912,Vanna Swift,brendon_armstrong@feest-conn.com
310413301,Dave Yost,casey@hauck-prohaska.net
955665123,Fernando Pacocha,joy_grimes@toy.net
123822080,Kurtis Watsica II,rena.botsford@jenkins.co
692624950,Jerlene Steuber,dina@goodwin.org
545171228,Mr. Ashley Bogan,boyd_gerlach@bartell-block.name
82039164,Erlinda Toy,bibi.runte@hansen.org
583383434,Mrs. Joey Dare,eloy.reilly@christiansen.io
528302248,Shaun Bednar,efren_rogahn@koelpin-sauer.info
93195243,Bruno Orn,venetta@bergnaum-cassin.info
34393381,Amanda Heathcote,torri@bayer.com
465110059,Irmgard Lemke LLD,georgiana@keeling.io
19206993,Fred Cummerata,fabian.cronin@homenick-jakubowski.biz
970461007,Wilmer Heathcote III,kory@kuvalis-champlin.info
347063099,Rep. Ralph Anderson,donny@konopelski.biz
68484356,Eddie Steuber,jewell_buckridge@gibson-bednar.io
333438418,Nicky Wiza,kathern@herzog-pfeffer.io
486444286,Lauren Padberg,minh@rutherford-gorczany.org
763323237,Kellye Goyette,faye@braun-ruecker.info
776110331,Augustine Tromp,dawna@lowe.net
553195773,Michiko Pollich,reginald_erdman@quitzon.biz
822211465,Verdie Ortiz,ardith@bins.io
984781240,Shirely Rolfson,randall@altenwerth.net
179672217,Alvaro Schultz,shelba@beahan.biz
684084968,Colene Tromp,leota@boyer-wisozk.net
412897619,Inga Schmeler II,douglass.rath@fay.name
449016325,Fred Cassin DDS,yee@kerluke-cormier.com
915821643,Regena Jacobi IV,maximo@boyer.org
198375316,Chi Effertz,amos@raynor.net
35561955,Sen. Beau Legros,cheryll_hansen@corwin.biz
380475694,Alfred Kshlerin,morgan@marvin-zieme.io
49383998,Karyl Nader LLD,kali@sawayn.net
270286454,Caleb Pacocha,lola@fritsch.co
147697737,Marvella Rau,del@krajcik.info
354786012,Rueben Schimmel,donella_west@pagac.co
157095737,Chong Dare,linwood.pollich@roob.org
956447884,Arnold Armstrong,yasuko_beatty@collier.io
138351478,Grover Jakubowski,rudy@larson-lindgren.org
701794398,Pearline Lind,antoine_barrows@dietrich.net
212949250,Bess Keeling MD,kirby@sauer.io
577474428,Cleopatra Krajcik,lanny_donnelly@lemke-beatty.co
750225684,Lenore Heaney VM,desire.smitham@dickinson.org
580715116,Arline Gottlieb,rivka_west@grant-cruickshank.name
180188923,Kaley Feeney,carol.dicki@casper-hickle.org
600906942,Sharell Kiehn LLD,lilli.wunsch@fadel.name
777596988,Marquita Raynor,harland@lynch.com
353436061,William Vandervort,nelia.stamm@nienow.net
462744874,Emerson Lind,enriqueta@wintheiser-kautzer.com
90172318,Lawrence Hagenes,adolph@langosh.co
307686557,Prof. Arianna Botsford,hank.haag@hagenes-jacobson.info
229623285,Freeman Krajcik,lamar@feeney.info
706775738,Yong Frami,reginald_larkin@reilly-abshire.biz
797784015,Jammie Kulas JD,lexie@macejkovic-schmitt.org
836304129,Sunny Runte,graham@veum-simonis.org
246190191,Yan Green,tomas@okuneva.biz
338630776,Mr. Izetta Littel,angelo@fahey.net
110152327,Gov. Antonette Stehr,louisa_ondricka@okeefe.biz
723564775,Teofila Langosh,dann@mueller.com
772855129,Juan McDermott PhD,michael.jerde@nitzsche.co
424065506,Donald McGlynn,david@smith.com
541921248,Loren Padberg,francis_lubowitz@dubuque-gulgowski.info
281727207,Ettie Kuphal,camie.beahan@fay.biz
894280915,Adriane Gleason,kai.parisian@bogan-schmeler.co
793500426,Cinderella Koss,lisandra.medhurst@herzog.name
615022363,Brett Baumbach DDS,nelda_nienow@bechtelar.co
798436846,Rod Kulas V,laraine.howell@jast-homenick.org
562746397,Hassan Padberg,donald@corwin.net
979790069,Lynn Johnston,nathan@bergstrom.io
235913488,Errol Dooley LLD,edelmira@reichel.org
67833593,Jaimee Murray,maynard.armstrong@frami.name
604959069,Veronika Price,angel.ritchie@mitchell.co
637362296,Fabian Schaden,sherri.thompson@bashirian.com
625007986,Shanta Roberts,alma.blanda@gorczany-botsford.com
274039438,Rev. Carson Shields,ilse.bins@upton.io
329583043,Shaquita Deckow,lane_davis@ratke.biz
541370564,Sen. Marci Hand,diane.rowe@jaskolski.net
449977906,Leon Toy,melinda@legros.info
946946807,Marg Mann,ronald_christiansen@sanford.biz
739733291,Dudley Waters IV,kala_leannon@dickinson.net
98121793,Mauricio Ziemann,augustus@fay.biz
423578260,Jodi Gusikowski,colleen_lakin@turcotte.net
475434986,Emmett Stoltenberg,viviana@reilly-mcglynn.io
102057332,Jerald Dooley,lynn_powlowski@schaefer.co
641765172,Eleni Simonis,juan@metz.biz
408830228,Pres. Jose Armstrong,eura@hilll.biz
703609007,Concetta Schumm DDS,jacqui.koch@zulauf.co
315916612,Rubin Hane CPA,mark@anderson.net
433627837,Daren Kshlerin,tracy.doyle@bernhard-parker.name
946780403,Eugene Douglas,antonia@schmidt.info
551565374,Marilou Fritsch,elvis_bergstrom@auer.name
532761553,Xavier Herman,deetta@jenkins-gleason.name
904293321,Jackson Schuppe DVM,dexter@donnelly-ernser.co
669861883,Ms. Carroll Hermiston,donn@kub.net
822753298,Tawnya Lindgren,bernie@hintz.com
158349786,Shanell O'Reilly,darrin_ullrich@wuckert.net
365532820,Chris Smith MD,shelby@prohaska-erdman.org
35058738,Debora O'Conner,carmine@lindgren.biz
781480033,Ines Hackett,marlena@swift-bartell.org
486509692,Joe Leuschke,alfredo_franecki@cormier.org
767845657,Leanna Deckow,monserrate_mohr@maggio.io
330690548,Jonathon Brekke,sheron.turner@kovacek-heathcote.co
186139914,Terry Fisher,stanley.rempel@roberts.info
859645428,Valentin Feeney,shantay@huels.name
509370666,Darnell Wintheiser,elna.hirthe@ziemann-hudson.org
158429345,Leonel MacGyver,damon.rodriguez@nicolas.net
9011298,Lindsey Spinka,errol_schumm@nikolaus.org
229287340,Janyce Hane,bryon@lynch.io
32460703,Bruno Goodwin Ret.,adrianna.carroll@goldner.co
780451858,Karl Klocko,wendi.kreiger@mills.co
419968971,Hilton Walsh,nakisha@parker.name
948173380,Kina Lindgren,crystle.reilly@goldner.com
652250652,Karl Bode IV,sean@orn.io
840948552,Juan Weissnat Sr.,coletta@schneider.info
721448061,Jack Lowe,ariel@weimann.info
423938635,Michel Reichert,melonie.keebler@bartell.name
334281278,Thi Blick,rachell.braun@beahan.biz
805316091,Colton Strosin,gilbert.dicki@smith.io
48939476,Sonia Moore,palmer@dibbert.io
97864019,Noelle Homenick,kathaleen_dibbert@okon.com
725129371,Lucio Cruickshank,marty_durgan@prohaska.io
12795665,Sharen Kozey DDS,charley.goodwin@langosh-herman.biz
591474302,Rene Cartwright,reva.dach@metz-graham.io
432181590,Lionel Sipes,laurette@cremin.biz
731251852,Fr. Matthew Klein,odelia@grant.com
153408776,Maribel Kovacek Sr.,bernie@king-ratke.co
537102138,Frances Streich,jorge@spencer.co
17006524,Cory Waelchi,drew@crooks.info
214420977,Casey Denesik,jayme@leuschke.biz
552838945,Qiana Ankunding,kurt.harber@schumm.com
202535162,Eloise Funk Sr.,katharine@hettinger.net
160207457,Rev. Benton Lubowitz,katrice@bednar.net
955296732,Deedee Shanahan,leatrice@streich.biz
502189141,Fr. Karly McCullough,teisha@wilkinson-gleason.biz
940400522,Emmy Price Ret.,jed.green@hammes-sawayn.net
860837945,Lissa Jacobi,faviola_greenholt@crist-legros.biz
738071913,Sueann Murphy,chet@zieme.org
644830436,Ardella Lynch Jr.,mark.johnson@davis.com
186735771,Flossie Kuhn,dillon@jast.co
329666742,Alberto Hayes,luana.lockman@ohara.net
5109124,Eliana Will,shelba@lindgren.com
593266741,Hermila Cremin,matt_green@parker.biz
444772473,Mr. Lon DuBuque,adrianne@nitzsche.com
849848629,Msgr. Mario Cruickshank,bob.hodkiewicz@yost.name
669795420,Shoshana Rowe,edward.mitchell@rohan.name
552386144,Marivel Boyle,jere_pacocha@kohler.net
52078126,Clementina Armstrong VM,markita@fisher.biz
424248748,Liz Cremin,daniel@carter.info
580955964,Tomasa Koelpin II,cassandra@larson.info
608364061,Tasha White,kent@bogisich-wintheiser.net
103090736,Edwin Gislason,armando@parker.biz
101163475,Maxwell Pacocha,hubert.paucek@hessel-hartmann.co
304960349,Leroy Mohr DC,will@mayer-borer.name
388583473,Myrtle Johnston,kristopher.johns@bins.org
187593722,Msgr. Randolph Christiansen,junita@brekke.name
812915516,Cecilia Kshlerin,timothy@toy-sanford.com
182847159,Milan Pacocha,numbers@marquardt.biz
394935933,Rep. Wm Hammes,liberty.christiansen@renner.co
732438931,Jarred Labadie,cammy@powlowski.io
446708793,Korey Koepp,buster.herman@hahn-bogisich.info
416673283,Lavenia Keeling,anderson@streich.com
104959518,Marco Fay,reginald@blick.biz
925328219,Tyler Hudson,jc.dickens@littel.org
171103891,Lavone Streich,randell_ward@hermann-dicki.com
848610490,Heidi Pfeffer PhD,raquel_greenholt@reinger-labadie.biz
395912219,Ulysses Braun,charla@towne.com
201700987,Geralyn Hartmann,joseph@aufderhar-bayer.info
93405994,Ryan Hoeger,nicholle@russel.com
786838548,Mrs. Lois Schiller,kyle@armstrong-aufderhar.net
154416352,Bernadine Marvin,athena@wolff-koepp.org
869737932,The Hon. Owen Lubowitz,marlon@kozey.net
296190753,Elouise Rice,chere_friesen@roberts.name
559081485,Mickey Herman IV,mira@zulauf.com
183945814,Youlanda Gerhold,erlene@towne-schneider.org
875961694,Jc Wunsch Ret.,tomeka_langworth@funk-becker.co
260493415,Raleigh Langosh,katelin_cronin@rau-friesen.io
720994892,Caleb Kassulke,chet.fadel@schmidt-rohan.biz
525169762,Shanae Gutmann,felicia@okeefe-nikolaus.name
973867418,Stasia Ullrich PhD,dorotha@schoen.info
268655992,Brian Bartoletti,aaron@price.io
920226147,Marcie Powlowski,kimberlie.olson@hartmann.net
753647193,Georgianne Schulist,audrie@flatley-schimmel.org
509585978,Tyrell Farrell,drema@huels-kozey.info
300493140,Lloyd Pagac,evette@lindgren.io
717050195,Ramiro Bogisich,elizebeth.grant@oconnell.biz
751782985,Bula Barrows,forest_terry@marks.com
480052829,Sen. Jeanice Gutmann,scott@crona.biz
753658574,Dewey Pfeffer,sherika@breitenberg-bednar.biz
513867786,Quentin Considine,shayla_considine@konopelski.io
724200626,Efrain Runolfsdottir,milton.veum@rice.biz
80672672,Darrin Becker,alvina@ferry.co
739395282,Benny Schmidt,clarine_bernier@fadel.io
726918306,Rep. Kassie Schaefer,davis@raynor-ratke.co
115123151,Jc Romaguera DO,kathey.wisozk@hirthe.io
976811856,Fr. Leo Erdman,rudolf@braun.io
263718012,Gov. Kraig Zulauf,reta_becker@christiansen.biz
756820979,Paulene Torp DO,jerrica.leffler@boehm.biz
85691445,The Hon. Man Brekke,abbie@bogisich.info
873473880,Jaclyn Considine,hee_jakubowski@kreiger.net
756743761,Edmond Bernhard,rosio.hudson@towne.name
